,Player1,Player2,Outcome
3,Donald Young,Marin Cilic,-1
12,Dudi Sela,Juan Martin Del Potro,-1
17,Fabio Fognini,Kei Nishikori,1
28,Lukas Lacko,Roger Federer,-1
33,Mikhail Youzhny,Blaz Kavcic,1
43,Tomas Berdych,Philipp Kohlschreiber,1
44,Adrian Mannarino,Richard Gasquet,-1
45,Florian Mayer,Kei Nishikori,1
56,Gilles Simon,Roger Federer,1
58,John Isner,Marin Cilic,1
59,Mikhail Youzhny,Milos Raonic,1
65,Tomas Berdych,Richard Gasquet,1
66,Kei Nishikori,Fernando Verdasco,-1
68,Viktor Troicki,Novak Djokovic,-1
73,Rafael Nadal,Marin Cilic,1
74,Milos Raonic,David Ferrer,1
77,Tomas Berdych,Fernando Verdasco,1
81,Rafael Nadal,David Ferrer,-1
82,Alexandr Dolgopolov,Andy Murray,1
83,Tomas Berdych,Novak Djokovic,-1
85,David Ferrer,Andy Murray,1
86,Novak Djokovic,Roger Federer,1
87,Andy Murray,Novak Djokovic,-1
179,Rafael Nadal,John Isner,1
181,Sam Querrey,Philipp Kohlschreiber,1
208,Feliciano Lopez,Roger Federer,-1
210,Fabio Fognini,Denis Istomin,1
217,Juan Martin Del Potro,Ivo Karlovic,1
226,Jeremy Chardy,Gilles Simon,1
243,Mikhail Kukushkin,Mikhail Youzhny,-1
246,Juan Martin Del Potro,Blaz Kavcic,1
253,Alexandr Dolgopolov,Viktor Troicki,1
257,Steve Darcis,Gael Monfils,-1
263,Juan Martin Del Potro,Novak Djokovic,1
266,Andy Murray,Viktor Troicki,1
268,David Ferrer,Gael Monfils,1
271,Richard Gasquet,Novak Djokovic,-1
274,Gael Monfils,Roger Federer,-1
275,Rafael Nadal,Andy Murray,1
276,Roger Federer,Novak Djokovic,1
277,Rafael Nadal,Roger Federer,1
376,Grigor Dimitrov,Gael Monfils,-1
378,Ryan Harrison,Marin Cilic,-1
390,Donald Young,Lukas Lacko,1
396,Adrian Mannarino,Florian Mayer,-1
404,Ivo Karlovic,Richard Gasquet,1
405,Tomas Berdych,Fabio Fognini,1
408,Roger Federer,Dudi Sela,1
420,Robin Haase,Andy Murray,1
424,Denis Istomin,Julien Benneteau,-1
428,Alexandr Dolgopolov,Ivo Karlovic,1
431,Roger Federer,Marin Cilic,1
436,Juan Martin Del Potro,Gilles Simon,1
438,Feliciano Lopez,Andy Murray,-1
439,David Ferrer,Florian Mayer,1
443,Novak Djokovic,Alexandr Dolgopolov,1
447,Donald Young,Andy Murray,-1
449,Gilles Muller,Rafael Nadal,-1
452,John Isner,Andy Murray,1
454,Novak Djokovic,Roger Federer,1
455,Andy Murray,Rafael Nadal,1
456,Novak Djokovic,Rafael Nadal,1
540,David Ferrer,Benoit Paire,1
542,Mikhail Kukushkin,Roger Federer,-1
548,Jeremy Chardy,Novak Djokovic,-1
550,Gilles Muller,Milos Raonic,-1
553,Robin Haase,Fernando Verdasco,1
554,Julien Benneteau,Tomas Berdych,-1
559,David Ferrer,Ryan Harrison,1
563,Adrian Mannarino,Roger Federer,-1
569,Kevin Anderson,Novak Djokovic,-1
570,Rafael Nadal,Gilles Muller,1
571,Juan Martin Del Potro,Gilles Simon,1
583,Rafael Nadal,Juan Martin Del Potro,1
585,Andy Murray,Richard Gasquet,1
588,Mikhail Youzhny,Roger Federer,1
592,Andy Murray,Feliciano Lopez,1
595,Rafael Nadal,Andy Murray,1
597,Rafael Nadal,Novak Djokovic,1
651,Novak Djokovic,Paolo Lorenzi,1
657,Andreas Seppi,Richard Gasquet,1
660,Andy Murray,Ryan Harrison,1
668,Adrian Mannarino,Juan Martin Del Potro,1
672,Tomas Berdych,Albert Ramos,1
675,Jeremy Chardy,Grigor Dimitrov,1
689,Viktor Troicki,Mikhail Kukushkin,1
691,Gilles Simon,Julien Benneteau,1
692,Matthew Ebden,Kei Nishikori,1
696,Blaz Kavcic,Juan Martin Del Potro,-1
704,Lukas Lacko,Donald Young,1
711,Mikhail Kukushkin,Gael Monfils,1
712,Julien Benneteau,Kei Nishikori,1
717,Ivo Karlovic,Roger Federer,-1
718,Tomas Berdych,Kevin Anderson,1
720,John Isner,Feliciano Lopez,1
721,Lukas Lacko,Rafael Nadal,-1
723,Richard Gasquet,David Ferrer,-1
724,Andy Murray,Mikhail Kukushkin,1
728,Feliciano Lopez,Rafael Nadal,-1
729,Novak Djokovic,David Ferrer,1
730,Andy Murray,Kei Nishikori,1
731,Juan Martin Del Potro,Roger Federer,-1
732,Tomas Berdych,Rafael Nadal,1
733,Novak Djokovic,Andy Murray,1
734,Roger Federer,Rafael Nadal,1
735,Novak Djokovic,Rafael Nadal,1
821,Gilles Simon,Ryan Harrison,1
829,Dudi Sela,Tomas Berdych,-1
830,David Ferrer,Lukas Lacko,1
831,Benoit Paire,Albert Ramos,1
842,Mischa Zverev,Julien Benneteau,1
847,Novak Djokovic,Blaz Kavcic,1
849,Gilles Muller,Fernando Verdasco,1
852,Viktor Troicki,Fabio Fognini,1
861,David Ferrer,Benoit Paire,1
870,Philipp Kohlschreiber,Leonardo Mayer,-1
874,Denis Istomin,Rafael Nadal,-1
876,Andreas Seppi,Fernando Verdasco,1
881,Juan Martin Del Potro,Marin Cilic,1
882,Kevin Anderson,Tomas Berdych,1
883,David Ferrer,Mikhail Youzhny,1
891,Novak Djokovic,Andreas Seppi,1
893,Roger Federer,David Goffin,1
894,Juan Martin Del Potro,Tomas Berdych,1
895,Richard Gasquet,Andy Murray,1
899,Roger Federer,Juan Martin Del Potro,1
900,David Ferrer,Andy Murray,1
902,Novak Djokovic,Roger Federer,1
903,David Ferrer,Rafael Nadal,-1
904,Novak Djokovic,Rafael Nadal,1
990,Roger Federer,Donald Young,1
996,Jack Sock,Florian Mayer,1
999,David Goffin,Tomas Berdych,-1
1016,Kevin Anderson,David Ferrer,-1
1024,Paolo Lorenzi,Novak Djokovic,-1
1039,Philipp Kohlschreiber,Benoit Paire,1
1045,Juan Martin Del Potro,Ryan Harrison,1
1051,Roger Federer,Fernando Verdasco,1
1054,Sam Querrey,Tomas Berdych,1
1055,Andy Murray,Feliciano Lopez,1
1057,Marin Cilic,Kei Nishikori,1
1060,Philipp Kohlschreiber,John Isner,1
1061,Richard Gasquet,Steve Johnson,1
1063,Juan Martin Del Potro,Leonardo Mayer,1
1066,Julien Benneteau,Novak Djokovic,-1
1068,Andy Murray,Milos Raonic,1
1071,Richard Gasquet,David Ferrer,-1
1074,Roger Federer,Tomas Berdych,1
1075,Andy Murray,Marin Cilic,1
1077,Juan Martin Del Potro,Novak Djokovic,-1
1078,Tomas Berdych,Andy Murray,1
1079,David Ferrer,Novak Djokovic,1
1080,Andy Murray,Novak Djokovic,1
1166,Roger Federer,Albert Ramos,1
1171,Mikhail Youzhny,Donald Young,1
1175,Robin Haase,Juan Martin Del Potro,1
1176,Kevin Anderson,Grigor Dimitrov,1
1184,Novak Djokovic,Ryan Harrison,1
1189,Roger Federer,Fabio Fognini,1
1197,Sam Querrey,Milos Raonic,1
1199,Ivo Karlovic,Andy Murray,1
1207,Roger Federer,Julien Benneteau,1
1212,Kei Nishikori,Juan Martin Del Potro,-1
1213,Marin Cilic,Sam Querrey,1
1219,Novak Djokovic,Viktor Troicki,1
1220,Richard Gasquet,Florian Mayer,1
1222,Denis Istomin,Mikhail Youzhny,1
1223,David Ferrer,Juan Martin Del Potro,1
1224,Marin Cilic,Andy Murray,-1
1227,Novak Djokovic,Florian Mayer,1
1228,Roger Federer,Mikhail Youzhny,1
1229,David Ferrer,Andy Murray,1
1231,Novak Djokovic,Roger Federer,1
1233,Roger Federer,Andy Murray,1
1305,Kevin Anderson,Paolo Lorenzi,1
1306,David Goffin,Fernando Verdasco,1
1311,Mikhail Youzhny,Matthew Ebden,1
1316,Juan Martin Del Potro,Adrian Mannarino,1
1319,Gael Monfils,Alexandr Dolgopolov,1
1320,Robin Haase,Andy Murray,-1
1328,Steve Darcis,Philipp Kohlschreiber,-1
1330,Benoit Paire,Roger Federer,-1
1331,Novak Djokovic,Ryan Harrison,1
1351,Joao Sousa,Andy Murray,-1
1360,Kevin Anderson,Fernando Verdasco,1
1363,Evgeny Donskoy,Kei Nishikori,-1
1366,Juan Martin Del Potro,Jeremy Chardy,1
1367,Andreas Seppi,Marin Cilic,1
1368,Gilles Simon,Gael Monfils,1
1372,Milos Raonic,Philipp Kohlschreiber,1
1375,Kevin Anderson,Tomas Berdych,-1
1376,David Ferrer,Kei Nishikori,1
1378,Jeremy Chardy,Andreas Seppi,1
1379,Gilles Simon,Andy Murray,-1
1381,Milos Raonic,Roger Federer,-1
1382,Novak Djokovic,Tomas Berdych,1
1384,Jeremy Chardy,Andy Murray,-1
1386,Novak Djokovic,David Ferrer,1
1387,Andy Murray,Roger Federer,1
1388,Novak Djokovic,Andy Murray,1
1480,Novak Djokovic,David Goffin,1
1483,Jiri Vesely,Philipp Kohlschreiber,1
1495,Florian Mayer,Denis Istomin,1
1498,Tomas Berdych,Gael Monfils,1
1500,Andreas Seppi,Leonardo Mayer,1
1516,Adrian Mannarino,Pablo Cuevas,1
1517,Lukas Lacko,Sam Querrey,-1
1521,Novak Djokovic,Guido Pella,1
1522,Lucas Pouille,Grigor Dimitrov,-1
1524,Ryan Harrison,John Isner,1
1534,Andreas Seppi,Blaz Kavcic,1
1539,Roberto Bautista Agut,Jeremy Chardy,-1
1540,Nick Kyrgios,Marin Cilic,-1
1541,Gilles Simon,Pablo Cuevas,1
1545,Novak Djokovic,Grigor Dimitrov,1
1549,Rafael Nadal,Fabio Fognini,1
1550,Benoit Paire,Kei Nishikori,1
1554,Milos Raonic,Kevin Anderson,-1
1555,Feliciano Lopez,David Ferrer,-1
1557,Viktor Troicki,Marin Cilic,1
1558,Gilles Simon,Sam Querrey,1
1559,Julien Benneteau,Roger Federer,-1
1560,Novak Djokovic,Philipp Kohlschreiber,1
1562,Rafael Nadal,Kei Nishikori,1
1565,Kevin Anderson,David Ferrer,-1
1567,Gilles Simon,Roger Federer,1
1571,Novak Djokovic,Rafael Nadal,1
1573,Rafael Nadal,David Ferrer,1
1681,Paolo Lorenzi,Tomas Berdych,-1
1684,Thomas Fabbiano,Milos Raonic,-1
1688,Nick Kyrgios,David Ferrer,-1
1691,Guido Pella,Sam Querrey,1
1699,Ryan Harrison,Rafael Nadal,-1
1705,Andy Murray,Leonardo Mayer,1
1706,Donald Young,Florian Mayer,-1
1710,Julien Benneteau,Jeremy Chardy,1
1716,Roberto Bautista Agut,David Ferrer,1
1718,Adrian Mannarino,Sam Querrey,1
1721,John Isner,Gael Monfils,1
1724,Novak Djokovic,Joao Sousa,1
1728,Andy Murray,Florian Mayer,1
1729,Andreas Seppi,Denis Istomin,1
1731,Julien Benneteau,Tomas Berdych,-1
1733,Feliciano Lopez,Milos Raonic,1
1735,Mikhail Kukushkin,David Ferrer,1
1736,Roger Federer,Adrian Mannarino,1
1738,John Isner,Philipp Kohlschreiber,1
1742,Andy Murray,Denis Istomin,1
1744,Richard Gasquet,Milos Raonic,1
1747,Philipp Kohlschreiber,Rafael Nadal,1
1748,Novak Djokovic,Mikhail Youzhny,1
1750,Richard Gasquet,David Ferrer,1
1753,Richard Gasquet,Rafael Nadal,-1
1754,Novak Djokovic,Rafael Nadal,1
1833,Novak Djokovic,Florian Mayer,1
1834,Ryan Harrison,Jeremy Chardy,1
1835,Gilles Simon,Feliciano Lopez,-1
1844,Albert Ramos,Juan Martin Del Potro,-1
1845,Rafael Nadal,Steve Darcis,-1
1855,Robin Haase,Mikhail Youzhny,-1
1863,David Ferrer,Roberto Bautista Agut,1
1866,Kei Nishikori,Leonardo Mayer,1
1869,John Isner,Adrian Mannarino,-1
1875,Fernando Verdasco,Julien Benneteau,1
1880,Novak Djokovic,Jeremy Chardy,1
1883,Kevin Anderson,Tomas Berdych,1
1884,David Ferrer,Alexandr Dolgopolov,1
1892,Viktor Troicki,Mikhail Youzhny,-1
1897,Andreas Seppi,Juan Martin Del Potro,-1
1900,Mikhail Youzhny,Andy Murray,-1
1901,Novak Djokovic,Tomas Berdych,1
1902,David Ferrer,Juan Martin Del Potro,-1
1904,Fernando Verdasco,Andy Murray,1
1905,Novak Djokovic,Juan Martin Del Potro,1
1907,Novak Djokovic,Andy Murray,-1
1981,Ryan Harrison,Gael Monfils,-1
2003,Lukas Lacko,Novak Djokovic,-1
2005,Jack Sock,Gael Monfils,-1
2006,Andreas Seppi,Donald Young,1
2007,Benoit Paire,Nick Kyrgios,1
2008,Roberto Bautista Agut,Juan Martin Del Potro,1
2013,Blaz Kavcic,Roger Federer,-1
2015,Mikhail Youzhny,Florian Mayer,1
2017,Adrian Mannarino,David Ferrer,1
2025,Leonardo Mayer,Novak Djokovic,-1
2026,Rafael Nadal,Gael Monfils,1
2027,Donald Young,Kei Nishikori,-1
2028,Milos Raonic,Grigor Dimitrov,1
2029,Benoit Paire,Roberto Bautista Agut,-1
2030,Andy Murray,Feliciano Lopez,1
2034,Tomas Berdych,Damir Dzumhur,1
2037,Jeremy Chardy,David Ferrer,-1
2039,Fabio Fognini,Sam Querrey,1
2040,Denis Istomin,Novak Djokovic,-1
2041,Rafael Nadal,Kei Nishikori,1
2042,Grigor Dimitrov,Roberto Bautista Agut,1
2045,Tomas Berdych,Kevin Anderson,1
2046,Florian Mayer,David Ferrer,1
2048,Fabio Fognini,Novak Djokovic,-1
2049,Rafael Nadal,Grigor Dimitrov,1
2050,Andy Murray,Roger Federer,1
2051,Tomas Berdych,David Ferrer,1
2053,Rafael Nadal,Roger Federer,1
2143,Dusan Lajovic,Federico Delbonis,1
2145,Grigor Dimitrov,Ivo Karlovic,-1
2155,Donald Young,Dudi Sela,1
2156,Damir Dzumhur,Feliciano Lopez,-1
2163,Matthew Ebden,Pablo Cuevas,-1
2172,Paolo Lorenzi,Roberto Bautista Agut,-1
2177,Mikhail Youzhny,Pablo Carreno Busta,1
2184,Lukas Lacko,Roger Federer,-1
2185,Milos Raonic,Nick Kyrgios,1
2189,Alexandr Dolgopolov,Albert Ramos,1
2200,Joao Sousa,Novak Djokovic,-1
2201,Rafael Nadal,Dominic Thiem,1
2203,Jack Sock,Steve Johnson,1
2210,Donald Young,Feliciano Lopez,1
2214,Pablo Cuevas,Fernando Verdasco,1
2215,Philipp Kohlschreiber,Denis Istomin,1
2218,Benoit Paire,Roberto Bautista Agut,-1
2220,Mikhail Kukushkin,John Isner,-1
2225,Milos Raonic,Jiri Vesely,1
2232,Jeremy Chardy,Novak Djokovic,-1
2233,Rafael Nadal,Leonardo Mayer,1
2234,Jack Sock,Dusan Lajovic,-1
2235,Ivo Karlovic,Kevin Anderson,-1
2236,Andreas Seppi,David Ferrer,-1
2238,Gael Monfils,Fabio Fognini,1
2239,Richard Gasquet,Fernando Verdasco,-1
2240,Philipp Kohlschreiber,Andy Murray,1
2241,Tomas Berdych,Roberto Bautista Agut,1
2245,Milos Raonic,Gilles Simon,1
2248,Marin Cilic,Novak Djokovic,1
2249,Rafael Nadal,Dusan Lajovic,1
2250,Kevin Anderson,David Ferrer,1
2252,Fernando Verdasco,Andy Murray,-1
2253,Tomas Berdych,John Isner,1
2257,Rafael Nadal,David Ferrer,1
2258,Gael Monfils,Andy Murray,1
2260,Milos Raonic,Novak Djokovic,-1
2261,Rafael Nadal,Andy Murray,1
2263,Rafael Nadal,Novak Djokovic,1
2397,Benoit Paire,Julien Benneteau,1
2399,Robin Haase,Andy Murray,1
2400,Stan Wawrinka,Jiri Vesely,1
2401,Blaz Kavcic,Donald Young,1
2402,Mikhail Youzhny,Nick Kyrgios,1
2407,Taro Daniel,Milos Raonic,-1
2415,Pablo Cuevas,Kevin Anderson,1
2416,Gilles Simon,Radu Albot,1
2419,Damir Dzumhur,David Ferrer,1
2420,Grigor Dimitrov,Ryan Harrison,1
2423,Gael Monfils,Jared Donaldson,1
2425,Denis Istomin,Richard Gasquet,-1
2434,Pablo Carreno Busta,Benoit Paire,1
2438,Blaz Kavcic,Jeremy Chardy,1
2439,Nick Kyrgios,Andreas Seppi,1
2442,Matthew Ebden,Leonardo Mayer,-1
2443,Peter Gojowczyk,Milos Raonic,1
2449,Gilles Simon,Federico Delbonis,1
2450,Grigor Dimitrov,Dudi Sela,1
2452,Paolo Lorenzi,Richard Gasquet,-1
2453,Fabio Fognini,Adrian Mannarino,-1
2456,Novak Djokovic,Sam Querrey,1
2457,Philipp Kohlschreiber,John Isner,1
2461,Kei Nishikori,Leonardo Mayer,1
2464,Feliciano Lopez,Dominic Thiem,-1
2465,Marin Cilic,Kevin Anderson,1
2466,Gilles Simon,David Ferrer,1
2467,Grigor Dimitrov,David Goffin,1
2468,Gael Monfils,Richard Gasquet,1
2469,Adrian Mannarino,Roberto Bautista Agut,-1
2471,Novak Djokovic,Philipp Kohlschreiber,1
2474,Kei Nishikori,Milos Raonic,1
2475,Tomas Berdych,Dominic Thiem,1
2476,Marin Cilic,Gilles Simon,1
2477,Grigor Dimitrov,Gael Monfils,-1
2478,Roberto Bautista Agut,Roger Federer,-1
2479,Novak Djokovic,Andy Murray,1
2480,Stan Wawrinka,Kei Nishikori,1
2481,Tomas Berdych,Marin Cilic,-1
2482,Gael Monfils,Roger Federer,1
2483,Novak Djokovic,Kei Nishikori,1
2484,Marin Cilic,Roger Federer,1
2485,Kei Nishikori,Marin Cilic,-1
2594,Andy Murray,David Goffin,1
2597,Steve Johnson,Roberto Bautista Agut,1
2598,Kevin Anderson,Aljaz Bedene,1
2602,Grigor Dimitrov,Ryan Harrison,1
2606,Andreas Seppi,Leonardo Mayer,1
2609,Pablo Carreno Busta,David Ferrer,1
2610,Stan Wawrinka,Joao Sousa,1
2614,Feliciano Lopez,Yuichi Sugita,1
2624,Gilles Muller,Julien Benneteau,1
2625,Paolo Lorenzi,Roger Federer,-1
2626,Milos Raonic,Matthew Ebden,1
2636,Jiri Vesely,Victor Estrella,-1
2637,Malek Jaziri,Gael Monfils,-1
2639,Dudi Sela,Mikhail Kukushkin,-1
2643,Gilles Simon,Robin Haase,1
2665,Gilles Muller,Roger Federer,-1
2666,Milos Raonic,Jack Sock,1
2670,Richard Gasquet,Nick Kyrgios,1
2671,Jiri Vesely,Gael Monfils,1
2674,Novak Djokovic,Gilles Simon,1
2677,Marin Cilic,Tomas Berdych,1
2678,Andy Murray,Roberto Bautista Agut,1
2679,Kevin Anderson,Fabio Fognini,1
2680,Grigor Dimitrov,Alexandr Dolgopolov,1
2682,Stan Wawrinka,Denis Istomin,1
2683,Feliciano Lopez,John Isner,1
2688,Nick Kyrgios,Jiri Vesely,1
2689,Mikhail Kukushkin,Rafael Nadal,1
2691,Jeremy Chardy,Marin Cilic,-1
2692,Andy Murray,Kevin Anderson,1
2693,Grigor Dimitrov,Leonardo Mayer,1
2694,Stan Wawrinka,Feliciano Lopez,1
2696,Milos Raonic,Kei Nishikori,1
2697,Nick Kyrgios,Rafael Nadal,1
2698,Novak Djokovic,Marin Cilic,1
2699,Andy Murray,Grigor Dimitrov,-1
2700,Stan Wawrinka,Roger Federer,1
2701,Milos Raonic,Nick Kyrgios,1
2702,Novak Djokovic,Grigor Dimitrov,1
2703,Roger Federer,Milos Raonic,1
2704,Novak Djokovic,Roger Federer,1
2831,Novak Djokovic,Aljaz Bedene,1
2835,Pablo Carreno Busta,Gilles Muller,-1
2836,Dominic Thiem,Roberto Bautista Agut,1
2839,Lucas Pouille,Gael Monfils,1
2844,Alexandr Dolgopolov,Paolo Lorenzi,-1
2848,Robin Haase,Gilles Simon,-1
2850,Kyle Edmund,Steve Johnson,-1
2854,Jiri Vesely,Viktor Troicki,1
2863,Mikhail Youzhny,Rafael Nadal,-1
2866,Jordan Thompson,Joao Sousa,-1
2871,Federico Delbonis,Nick Kyrgios,1
2872,Andreas Seppi,Denis Istomin,1
2878,Feliciano Lopez,Adrian Mannarino,1
2881,Donald Young,Milos Raonic,-1
2882,Stan Wawrinka,Marius Copil,1
2890,Viktor Troicki,Leonardo Mayer,1
2899,Lukas Lacko,Grigor Dimitrov,1
2901,Nick Kyrgios,Ivo Karlovic,1
2902,Jeremy Chardy,Andreas Seppi,1
2904,Novak Djokovic,Fernando Verdasco,1
2905,John Isner,Gilles Muller,-1
2910,David Ferrer,Gilles Simon,1
2911,Steve Johnson,Kei Nishikori,1
2912,Tomas Berdych,Viktor Troicki,1
2914,Kevin Anderson,Richard Gasquet,1
2915,Dudi Sela,Rafael Nadal,-1
2916,Andy Murray,Joao Sousa,1
2918,Malek Jaziri,Nick Kyrgios,-1
2919,Andreas Seppi,Roger Federer,1
2920,Novak Djokovic,Gilles Muller,1
2921,Feliciano Lopez,Milos Raonic,1
2923,David Ferrer,Kei Nishikori,-1
2925,Kevin Anderson,Rafael Nadal,-1
2926,Andy Murray,Grigor Dimitrov,1
2927,Nick Kyrgios,Andreas Seppi,1
2928,Novak Djokovic,Milos Raonic,1
2929,Stan Wawrinka,Kei Nishikori,1
2930,Tomas Berdych,Rafael Nadal,1
2931,Andy Murray,Nick Kyrgios,1
2932,Novak Djokovic,Stan Wawrinka,1
2933,Tomas Berdych,Andy Murray,1
2934,Novak Djokovic,Andy Murray,1
3041,Gilles Muller,Paolo Lorenzi,1
3045,Grigor Dimitrov,Jack Sock,-1
3046,Borna Coric,Sam Querrey,1
3053,Denis Istomin,Nick Kyrgios,-1
3054,David Goffin,Filip Krajinovic,1
3056,Andreas Seppi,John Isner,-1
3057,Marin Cilic,Robin Haase,1
3060,Jiri Vesely,Leonardo Mayer,1
3061,Lukas Lacko,David Ferrer,-1
3063,Roberto Bautista Agut,Florian Mayer,1
3067,Mikhail Kukushkin,Dudi Sela,-1
3073,Steve Johnson,Guillermo Garcia Lopez,1
3077,Lucas Pouille,Gilles Simon,1
3079,Dominic Thiem,Aljaz Bedene,1
3082,Damir Dzumhur,Mikhail Youzhny,1
3085,Novak Djokovic,Gilles Muller,1
3088,Yen Hsun Lu,Kevin Anderson,1
3089,Jack Sock,Pablo Carreno Busta,1
3093,Andy Murray,Joao Sousa,1
3095,Jeremy Chardy,John Isner,1
3101,Jo Wilfried Tsonga,Dudi Sela,1
3103,Fabio Fognini,Benoit Paire,-1
3105,Stan Wawrinka,Dusan Lajovic,1
3109,Dominic Thiem,Pablo Cuevas,1
3113,Richard Gasquet,Kevin Anderson,1
3114,Jack Sock,Borna Coric,1
3116,Andy Murray,Nick Kyrgios,1
3117,David Goffin,Jeremy Chardy,-1
3118,Marin Cilic,Leonardo Mayer,1
3122,Benoit Paire,Tomas Berdych,1
3123,Stan Wawrinka,Steve Johnson,1
3125,Gael Monfils,Pablo Cuevas,1
3126,Damir Dzumhur,Roger Federer,-1
3127,Novak Djokovic,Richard Gasquet,1
3128,Jack Sock,Rafael Nadal,1
3129,Andy Murray,Jeremy Chardy,1
3130,Marin Cilic,David Ferrer,-1
3132,Jo Wilfried Tsonga,Tomas Berdych,1
3133,Stan Wawrinka,Gilles Simon,1
3134,Gael Monfils,Roger Federer,1
3135,Novak Djokovic,Rafael Nadal,1
3136,Andy Murray,David Ferrer,1
3137,Kei Nishikori,Jo Wilfried Tsonga,1
3138,Stan Wawrinka,Roger Federer,1
3139,Novak Djokovic,Andy Murray,1
3140,Jo Wilfried Tsonga,Stan Wawrinka,1
3141,Novak Djokovic,Stan Wawrinka,1
3253,Fabio Fognini,Steve Johnson,1
3254,Borna Coric,Rafael Nadal,1
3255,Kei Nishikori,Benoit Paire,1
3259,Marin Cilic,Guido Pella,1
3260,Matthew Ebden,Grigor Dimitrov,-1
3261,Radu Albot,David Ferrer,1
3264,Viktor Troicki,Frances Tiafoe,1
3265,Donald Young,Gilles Simon,1
3266,Kevin Anderson,Andrey Rublev,1
3268,Nick Kyrgios,Andy Murray,1
3274,John Isner,Malek Jaziri,1
3275,Leonardo Mayer,Roger Federer,-1
3279,Milos Raonic,Fernando Verdasco,1
3281,Fabio Fognini,Pablo Cuevas,1
3286,Marin Cilic,Evgeny Donskoy,1
3287,Mikhail Kukushkin,Grigor Dimitrov,1
3289,Filip Krajinovic,David Ferrer,-1
3290,Stan Wawrinka,Hyeon Chung,1
3293,Aljaz Bedene,Donald Young,1
3296,Adrian Mannarino,Andy Murray,1
3300,Robin Haase,Richard Gasquet,1
3301,John Isner,Mikhail Youzhny,1
3303,Steve Darcis,Roger Federer,-1
3304,Novak Djokovic,Andreas Seppi,1
3305,Roberto Bautista Agut,David Goffin,1
3306,Milos Raonic,Feliciano Lopez,-1
3307,Fabio Fognini,Rafael Nadal,1
3310,Marin Cilic,Mikhail Kukushkin,1
3311,Jeremy Chardy,David Ferrer,1
3313,Viktor Troicki,Donald Young,1
3314,Kevin Anderson,Dominic Thiem,1
3316,Tomas Berdych,Guillermo Garcia Lopez,1
3318,John Isner,Jiri Vesely,1
3319,Philipp Kohlschreiber,Roger Federer,-1
3320,Novak Djokovic,Roberto Bautista Agut,1
3321,Feliciano Lopez,Fabio Fognini,1
3322,Benoit Paire,Jo Wilfried Tsonga,-1
3323,Marin Cilic,Jeremy Chardy,1
3324,Stan Wawrinka,Donald Young,1
3325,Kevin Anderson,Andy Murray,1
3326,Tomas Berdych,Richard Gasquet,1
3327,John Isner,Roger Federer,-1
3328,Novak Djokovic,Feliciano Lopez,1
3329,Jo Wilfried Tsonga,Marin Cilic,1
3330,Stan Wawrinka,Kevin Anderson,1
3331,Richard Gasquet,Roger Federer,-1
3332,Novak Djokovic,Marin Cilic,1
3333,Stan Wawrinka,Roger Federer,-1
3334,Novak Djokovic,Roger Federer,1
3424,Novak Djokovic,Philipp Kohlschreiber,1
3426,Pierre Hugues Herbert,Hyeon Chung,1
3431,Lucas Pouille,Kevin Anderson,1
3440,Stan Wawrinka,Joao Sousa,1
3443,Dudi Sela,Dominic Thiem,1
3447,Horacio Zeballos,David Goffin,-1
3448,Grigor Dimitrov,Federico Delbonis,1
3449,Lukas Lacko,Steve Johnson,1
3457,Jiri Vesely,Paolo Lorenzi,1
3464,Jo Wilfried Tsonga,Gilles Muller,1
3466,Alexandr Dolgopolov,Kyle Edmund,1
3471,Mikhail Kukushkin,Andy Murray,-1
3472,Tomas Berdych,Jeremy Chardy,1
3476,Gael Monfils,Pablo Carreno Busta,1
3478,Yuichi Sugita,Blaz Kavcic,-1
3480,Feliciano Lopez,Steve Darcis,1
3482,Benoit Paire,Mikhail Youzhny,1
3487,Damir Dzumhur,Roger Federer,-1
3495,Fernando Verdasco,Dominic Thiem,1
3498,Grigor Dimitrov,Steve Johnson,1
3504,Viktor Troicki,Aljaz Bedene,1
3507,Alexandr Dolgopolov,Ivo Karlovic,1
3508,Andreas Seppi,Borna Coric,1
3509,Robin Haase,Andy Murray,-1
3512,Gael Monfils,Adrian Mannarino,1
3513,Blaz Kavcic,Gilles Simon,1
3514,Feliciano Lopez,Nikoloz Basilashvili,1
3515,Benoit Paire,Roberto Bautista Agut,1
3517,Sam Querrey,Roger Federer,-1
3519,Leonardo Mayer,Kevin Anderson,-1
3520,Marin Cilic,John Isner,1
3522,Stan Wawrinka,Fernando Verdasco,1
3524,Grigor Dimitrov,Richard Gasquet,-1
3525,Nick Kyrgios,Milos Raonic,1
3528,Jo Wilfried Tsonga,Ivo Karlovic,1
3529,Andreas Seppi,Andy Murray,1
3531,Gael Monfils,Gilles Simon,1
3532,Nikoloz Basilashvili,Roberto Bautista Agut,-1
3534,Novak Djokovic,Kevin Anderson,1
3536,Stan Wawrinka,David Goffin,1
3537,Richard Gasquet,Nick Kyrgios,1
3539,Ivo Karlovic,Andy Murray,1
3540,Tomas Berdych,Gilles Simon,-1
3541,Roberto Bautista Agut,Roger Federer,-1
3542,Novak Djokovic,Marin Cilic,1
3543,Stan Wawrinka,Richard Gasquet,1
3545,Gilles Simon,Roger Federer,-1
3546,Novak Djokovic,Richard Gasquet,1
3547,Andy Murray,Roger Federer,-1
3548,Novak Djokovic,Roger Federer,1
3676,Novak Djokovic,Hyeon Chung,1
3688,Philipp Kohlschreiber,Kei Nishikori,-1
3689,Roger Federer,Nikoloz Basilashvili,1
3691,Paolo Lorenzi,Grigor Dimitrov,-1
3692,Dominic Thiem,Leonardo Mayer,1
3697,Dusan Lajovic,Sam Querrey,1
3698,Nick Kyrgios,Pablo Carreno Busta,1
3701,Rafael Nadal,Fernando Verdasco,1
3704,Gael Monfils,Yuichi Sugita,1
3708,Milos Raonic,Lucas Pouille,1
3715,David Ferrer,Peter Gojowczyk,1
3718,Aljaz Bedene,Steve Johnson,-1
3724,Gilles Muller,Fabio Fognini,1
3725,Joao Sousa,Mikhail Kukushkin,1
3728,Alexander Zverev,Andy Murray,-1
3732,Evgeny Donskoy,Gilles Simon,1
3737,Roger Federer,Alexandr Dolgopolov,1
3740,Damir Dzumhur,David Goffin,1
3742,Dusan Lajovic,Roberto Bautista Agut,1
3743,Nick Kyrgios,Pablo Cuevas,1
3745,Fernando Verdasco,Dudi Sela,1
3754,Feliciano Lopez,Guido Pella,1
3760,Novak Djokovic,Andreas Seppi,1
3761,Federico Delbonis,Gilles Simon,-1
3764,Roger Federer,Grigor Dimitrov,1
3765,Dominic Thiem,David Goffin,1
3766,Marin Cilic,Roberto Bautista Agut,-1
3767,Nick Kyrgios,Tomas Berdych,1
3770,Milos Raonic,Viktor Troicki,1
3772,David Ferrer,Steve Johnson,1
3773,Feliciano Lopez,John Isner,1
3775,Joao Sousa,Andy Murray,1
3776,Novak Djokovic,Gilles Simon,1
3778,Roger Federer,David Goffin,1
3779,Roberto Bautista Agut,Tomas Berdych,1
3781,Milos Raonic,Stan Wawrinka,1
3782,David Ferrer,John Isner,1
3784,Novak Djokovic,Kei Nishikori,1
3785,Roger Federer,Tomas Berdych,1
3786,Gael Monfils,Milos Raonic,1
3787,David Ferrer,Andy Murray,1
3788,Novak Djokovic,Roger Federer,1
3789,Milos Raonic,Andy Murray,1
3790,Novak Djokovic,Andy Murray,1
3907,Novak Djokovic,Yen Hsun Lu,1
3908,Gerald Melzer,Aljaz Bedene,1
3911,David Ferrer,Evgeny Donskoy,1
3920,Jan Lennard Struff,Jo Wilfried Tsonga,-1
3922,Mikhail Kukushkin,Adrian Mannarino,1
3923,Julien Benneteau,Lucas Pouille,1
3924,Jack Sock,Robin Haase,1
3928,Grigor Dimitrov,Viktor Troicki,1
3929,Jeremy Chardy,Leonardo Mayer,1
3933,Fernando Verdasco,Steve Johnson,1
3938,Nikoloz Basilashvili,Kyle Edmund,1
3940,Radu Albot,Benoit Paire,1
3942,Novak Djokovic,Steve Darcis,1
3943,Aljaz Bedene,Pablo Carreno Busta,1
3949,Malek Jaziri,Tomas Berdych,1
3953,Guillermo Garcia Lopez,Dominic Thiem,-1
3956,Milos Raonic,Adrian Mannarino,1
3959,Gilles Simon,Guido Pella,1
3961,Taro Daniel,Stan Wawrinka,-1
3965,John Isner,Kyle Edmund,1
3967,Ivo Karlovic,Jordan Thompson,1
3969,Novak Djokovic,Aljaz Bedene,1
3970,Borna Coric,Roberto Bautista Agut,-1
3971,David Ferrer,Feliciano Lopez,1
3972,Pablo Cuevas,Tomas Berdych,1
3973,Alexander Zverev,Dominic Thiem,1
3978,Gilles Simon,Viktor Troicki,-1
3979,Jeremy Chardy,Stan Wawrinka,-1
3980,Kei Nishikori,Fernando Verdasco,1
3981,Nick Kyrgios,Richard Gasquet,-1
3983,Ivo Karlovic,Andy Murray,-1
3984,Novak Djokovic,Roberto Bautista Agut,1
3985,David Ferrer,Tomas Berdych,-1
3989,Viktor Troicki,Stan Wawrinka,1
3990,Kei Nishikori,Richard Gasquet,1
3991,John Isner,Andy Murray,-1
3992,Novak Djokovic,Tomas Berdych,1
3993,Dominic Thiem,David Goffin,1
3995,Richard Gasquet,Andy Murray,1
3996,Novak Djokovic,Dominic Thiem,1
3997,Stan Wawrinka,Andy Murray,1
3998,Novak Djokovic,Andy Murray,1
4084,John Isner,Frances Tiafoe,1
4085,Jordan Thompson,Steve Darcis,1
4086,Kyle Edmund,Richard Gasquet,1
4093,Rafael Nadal,Denis Istomin,1
4095,Gael Monfils,Gilles Muller,1
4099,Steve Johnson,Evgeny Donskoy,1
4101,Nick Kyrgios,Aljaz Bedene,1
4104,Fernando Verdasco,Stan Wawrinka,-1
4107,Donald Young,Jan Lennard Struff,1
4108,Jared Donaldson,David Goffin,1
4109,Feliciano Lopez,Borna Coric,-1
4111,John Isner,Steve Darcis,1
4115,Jack Sock,Mischa Zverev,1
4117,Rafael Nadal,Andreas Seppi,1
4119,Federico Delbonis,Roberto Bautista Agut,1
4123,Ryan Harrison,Milos Raonic,1
4126,Fabio Fognini,David Ferrer,1
4127,Nick Kyrgios,Horacio Zeballos,1
4129,Kei Nishikori,Karen Khachanov,1
4131,Ivo Karlovic,Donald Young,1
4132,Viktor Troicki,Jared Donaldson,-1
4133,Feliciano Lopez,Joao Sousa,1
4134,Jeremy Chardy,Grigor Dimitrov,1
4136,Novak Djokovic,Mikhail Youzhny,-1
4137,John Isner,Kyle Edmund,1
4138,Jo Wilfried Tsonga,Kevin Anderson,1
4139,Jack Sock,Marin Cilic,1
4141,Lucas Pouille,Roberto Bautista Agut,1
4144,Dominic Thiem,Pablo Carreno Busta,1
4149,Ivo Karlovic,Jared Donaldson,1
4150,Joao Sousa,Grigor Dimitrov,1
4151,Paolo Lorenzi,Andy Murray,1
4152,Novak Djokovic,Kyle Edmund,1
4153,Jo Wilfried Tsonga,Jack Sock,1
4154,Rafael Nadal,Lucas Pouille,1
4158,Kei Nishikori,Ivo Karlovic,1
4159,Grigor Dimitrov,Andy Murray,-1
4160,Novak Djokovic,Jo Wilfried Tsonga,1
4161,Lucas Pouille,Gael Monfils,-1
4163,Kei Nishikori,Andy Murray,1
4164,Novak Djokovic,Gael Monfils,1
4165,Stan Wawrinka,Kei Nishikori,1
4166,Novak Djokovic,Stan Wawrinka,1
4256,Kyle Edmund,Adrian Mannarino,-1
4259,Philipp Kohlschreiber,Pierre Hugues Herbert,1
4262,Dudi Sela,David Ferrer,-1
4266,Denis Istomin,Kevin Anderson,1
4269,Andreas Seppi,Guillermo Garcia Lopez,1
4270,Pablo Carreno Busta,Milos Raonic,-1
4271,Roger Federer,Guido Pella,1
4274,Evgeny Donskoy,Alexandr Dolgopolov,1
4275,Gael Monfils,Jeremy Chardy,1
4276,Malek Jaziri,Steve Johnson,-1
4281,Paolo Lorenzi,Lukas Lacko,1
4282,Borna Coric,Ivo Karlovic,-1
4287,Dominic Thiem,Florian Mayer,1
4292,Horacio Zeballos,Mikhail Youzhny,1
4295,Roberto Bautista Agut,Jordan Thompson,1
4299,Lucas Pouille,Marius Copil,1
4300,Donald Young,Leonardo Mayer,1
4303,Richard Gasquet,Aljaz Bedene,1
4313,Federico Delbonis,Fabio Fognini,1
4319,Novak Djokovic,Adrian Mannarino,1
4321,Pierre Hugues Herbert,Damir Dzumhur,1
4325,Jack Sock,Robin Haase,1
4326,Andreas Seppi,Milos Raonic,-1
4329,Jeremy Chardy,Steve Johnson,-1
4330,Grigor Dimitrov,Gilles Simon,1
4332,Lukas Lacko,Ivo Karlovic,1
4334,Julien Benneteau,Kei Nishikori,1
4335,Dominic Thiem,Jiri Vesely,-1
4337,Alexander Zverev,Mikhail Youzhny,1
4340,Lucas Pouille,Donald Young,1
4341,Juan Martin Del Potro,Stan Wawrinka,1
4347,Fabio Fognini,Feliciano Lopez,1
4349,Yen Hsun Lu,Andy Murray,-1
4350,Novak Djokovic,Sam Querrey,1
4352,David Goffin,Denis Istomin,1
4353,Jack Sock,Milos Raonic,-1
4355,Steve Johnson,Grigor Dimitrov,1
4356,Marin Cilic,Lukas Lacko,1
4358,Jiri Vesely,Joao Sousa,1
4359,Alexander Zverev,Tomas Berdych,1
4361,Lucas Pouille,Juan Martin Del Potro,1
4363,John Isner,Jo Wilfried Tsonga,1
4364,Nick Kyrgios,Feliciano Lopez,1
4367,David Goffin,Milos Raonic,1
4368,Roger Federer,Steve Johnson,1
4369,Marin Cilic,Kei Nishikori,1
4370,Jiri Vesely,Tomas Berdych,1
4372,Richard Gasquet,Jo Wilfried Tsonga,-1
4373,Nick Kyrgios,Andy Murray,-1
4374,Sam Querrey,Milos Raonic,1
4375,Roger Federer,Marin Cilic,1
4376,Tomas Berdych,Lucas Pouille,1
4377,Jo Wilfried Tsonga,Andy Murray,1
4378,Milos Raonic,Roger Federer,1
4379,Tomas Berdych,Andy Murray,-1
4380,Milos Raonic,Andy Murray,-1
4382,Andrey Rublev,Yen Hsun Lu,1
4386,Guillermo Garcia Lopez,Mischa Zverev,-1
4394,Federico Delbonis,Steve Johnson,-1
4396,Damir Dzumhur,Viktor Troicki,1
4403,Karen Khachanov,Adrian Mannarino,1
4404,Pierre Hugues Herbert,Jack Sock,-1
4409,Gael Monfils,Jiri Vesely,1
4410,Alexandr Dolgopolov,Borna Coric,1
4411,Nikoloz Basilashvili,Philipp Kohlschreiber,1
4412,Alexander Zverev,Robin Haase,1
4414,Florian Mayer,Rafael Nadal,-1
4415,Roberto Bautista Agut,Guido Pella,1
4422,Dominic Thiem,Jan Lennard Struff,1
4423,Jordan Thompson,Joao Sousa,1
4425,Fabio Fognini,Feliciano Lopez,1
4426,Ivo Karlovic,Horacio Zeballos,1
4435,Fernando Verdasco,Novak Djokovic,-1
4436,Andy Murray,Andrey Rublev,1
4438,John Isner,Mischa Zverev,1
4440,Tomas Berdych,Ryan Harrison,1
4442,Lukas Lacko,Dudi Sela,1
4443,Jeremy Chardy,Kei Nishikori,-1
4444,Stan Wawrinka,Steve Johnson,1
4445,Paolo Lorenzi,Viktor Troicki,1
4447,Andreas Seppi,Nick Kyrgios,1
4448,Jo Wilfried Tsonga,Dusan Lajovic,1
4449,Karen Khachanov,Jack Sock,-1
4452,Gael Monfils,Alexandr Dolgopolov,1
4453,Donald Young,Philipp Kohlschreiber,-1
4454,Alexander Zverev,Frances Tiafoe,1
4459,Gilles Muller,Milos Raonic,-1
4460,Dominic Thiem,Jordan Thompson,1
4461,Benoit Paire,Fabio Fognini,1
4464,Grigor Dimitrov,Hyeon Chung,1
4466,Pablo Carreno Busta,Kyle Edmund,1
4467,Denis Istomin,Novak Djokovic,1
4468,Andy Murray,Sam Querrey,1
4469,Mischa Zverev,Malek Jaziri,1
4470,Tomas Berdych,Roger Federer,-1
4471,Lukas Lacko,Kei Nishikori,-1
4472,Stan Wawrinka,Viktor Troicki,1
4473,Steve Darcis,Andreas Seppi,1
4474,Jo Wilfried Tsonga,Jack Sock,1
4476,Gael Monfils,Philipp Kohlschreiber,1
4477,Alexander Zverev,Rafael Nadal,1
4478,Roberto Bautista Agut,David Ferrer,1
4479,Gilles Simon,Milos Raonic,1
4480,Dominic Thiem,Benoit Paire,1
4481,Ivo Karlovic,David Goffin,-1
4482,Grigor Dimitrov,Richard Gasquet,1
4483,Pablo Carreno Busta,Denis Istomin,1
4484,Andy Murray,Mischa Zverev,1
4485,Roger Federer,Kei Nishikori,1
4486,Stan Wawrinka,Andreas Seppi,1
4488,Gael Monfils,Rafael Nadal,1
4489,Roberto Bautista Agut,Milos Raonic,1
4490,Dominic Thiem,David Goffin,1
4491,Grigor Dimitrov,Denis Istomin,1
4492,Mischa Zverev,Roger Federer,-1
4493,Stan Wawrinka,Jo Wilfried Tsonga,1
4494,Rafael Nadal,Milos Raonic,1
4495,David Goffin,Grigor Dimitrov,-1
4496,Roger Federer,Stan Wawrinka,1
4497,Rafael Nadal,Grigor Dimitrov,1
4498,Roger Federer,Rafael Nadal,1
4621,Guido Pella,Juan Martin Del Potro,-1
4622,John Isner,Jordan Thompson,1
4624,Jan Lennard Struff,Tomas Berdych,1
4625,Alexander Zverev,Fernando Verdasco,1
4626,Pierre Hugues Herbert,Jared Donaldson,1
4627,Damir Dzumhur,Nicolas Kicker,1
4629,Sam Querrey,Hyeon Chung,1
4631,Radu Albot,Jeremy Chardy,-1
4635,Frances Tiafoe,Fabio Fognini,1
4642,Kevin Anderson,Malek Jaziri,-1
4643,Philipp Kohlschreiber,Nick Kyrgios,-1
4644,David Ferrer,Donald Young,1
4647,Milos Raonic,Steve Darcis,1
4650,Guillermo Garcia Lopez,Gilles Muller,1
4651,Pablo Carreno Busta,Florian Mayer,1
4655,Jack Sock,Jiri Vesely,-1
4656,Aljaz Bedene,Ryan Harrison,1
4657,Mikhail Kukushkin,Tennys Sandgren,1
4659,Gilles Simon,Nikoloz Basilashvili,1
4660,Viktor Troicki,Evgeny Donskoy,1
4662,Benoit Paire,Rafael Nadal,-1
4666,Yuichi Sugita,Steve Johnson,1
4667,Ivo Karlovic,Stefanos Tsitsipas,1
4668,Horacio Zeballos,Adrian Mannarino,1
4670,Lucas Pouille,Julien Benneteau,1
4680,John Isner,Paolo Lorenzi,1
4681,Karen Khachanov,Tomas Berdych,1
4682,Fernando Verdasco,Pierre Hugues Herbert,1
4683,Nicolas Kicker,Pablo Cuevas,-1
4684,Hyeon Chung,Denis Istomin,1
4685,Jeremy Chardy,Kei Nishikori,-1
4686,Stan Wawrinka,Alexandr Dolgopolov,1
4687,Andreas Seppi,Fabio Fognini,-1
4691,Kevin Anderson,Nick Kyrgios,1
4692,David Ferrer,Feliciano Lopez,1
4696,Pablo Carreno Busta,Taro Daniel,1
4698,Jiri Vesely,Aljaz Bedene,1
4699,Mikhail Kukushkin,Roberto Bautista Agut,1
4700,Nikoloz Basilashvili,Viktor Troicki,1
4701,Robin Haase,Rafael Nadal,-1
4703,Borna Coric,Steve Johnson,1
4704,Ivo Karlovic,Horacio Zeballos,-1
4709,Joao Sousa,Novak Djokovic,-1
4710,Andy Murray,Juan Martin Del Potro,1
4711,John Isner,Karen Khachanov,1
4712,Fernando Verdasco,Pablo Cuevas,1
4713,Hyeon Chung,Kei Nishikori,1
4714,Stan Wawrinka,Fabio Fognini,1
4715,Richard Gasquet,Gael Monfils,1
4716,Kyle Edmund,Kevin Anderson,1
4717,Feliciano Lopez,Marin Cilic,-1
4718,Milos Raonic,Guillermo Garcia Lopez,1
4719,Pablo Carreno Busta,Grigor Dimitrov,1
4720,Jiri Vesely,Roberto Bautista Agut,-1
4721,Nikoloz Basilashvili,Rafael Nadal,-1
4722,Dominic Thiem,Steve Johnson,1
4723,Horacio Zeballos,David Goffin,-1
4726,Andy Murray,Karen Khachanov,1
4727,Fernando Verdasco,Kei Nishikori,1
4728,Stan Wawrinka,Gael Monfils,1
4729,Kevin Anderson,Marin Cilic,-1
4730,Milos Raonic,Pablo Carreno Busta,1
4731,Roberto Bautista Agut,Rafael Nadal,-1
4732,Dominic Thiem,Horacio Zeballos,1
4734,Andy Murray,Kei Nishikori,1
4735,Stan Wawrinka,Marin Cilic,1
4736,Pablo Carreno Busta,Rafael Nadal,-1
4737,Dominic Thiem,Novak Djokovic,1
4738,Andy Murray,Stan Wawrinka,1
4739,Rafael Nadal,Dominic Thiem,1
4740,Stan Wawrinka,Rafael Nadal,-1
4860,Rafael Nadal,Dusan Lajovic,1
4862,Leonardo Mayer,Richard Gasquet,1
4863,Ryan Harrison,Tomas Berdych,-1
4864,David Goffin,Julien Benneteau,1
4865,Jeremy Chardy,Gael Monfils,-1
4867,Roger Federer,Frances Tiafoe,1
4873,Sam Querrey,Gilles Simon,1
4874,Yen Hsun Lu,Karen Khachanov,1
4875,Horacio Zeballos,Hyeon Chung,1
4876,Pierre Hugues Herbert,John Isner,1
4877,Jack Sock,Jordan Thompson,1
4881,Jo Wilfried Tsonga,Marius Copil,1
4883,Kyle Edmund,Robin Haase,1
4886,Tennys Sandgren,Marin Cilic,1
4887,Rafael Nadal,Taro Daniel,1
4888,Yuichi Sugita,Leonardo Mayer,1
4890,Alexandr Dolgopolov,Tomas Berdych,1
4891,David Goffin,Guido Pella,1
4892,Donald Young,Gael Monfils,1
4893,Andrey Rublev,Grigor Dimitrov,1
4894,Roger Federer,Mikhail Youzhny,1
4895,Fernando Verdasco,Feliciano Lopez,1
4901,Sam Querrey,Dudi Sela,1
4902,Hyeon Chung,John Isner,-1
4903,Borna Coric,Alexander Zverev,1
4904,Jo Wilfried Tsonga,Denis Shapovalov,-1
4905,Steve Johnson,Kyle Edmund,-1
4906,Lucas Pouille,Jared Donaldson,1
4907,Florian Mayer,Marin Cilic,-1
4908,Rafael Nadal,Leonardo Mayer,1
4909,Viktor Troicki,Alexandr Dolgopolov,-1
4910,David Goffin,Gael Monfils,1
4911,Damir Dzumhur,Andrey Rublev,1
4912,Roger Federer,Feliciano Lopez,1
4915,Adrian Mannarino,Dominic Thiem,-1
4916,Sam Querrey,Radu Albot,1
4917,Mischa Zverev,John Isner,1
4918,Thomas Fabbiano,Paolo Lorenzi,-1
4919,Kevin Anderson,Borna Coric,1
4920,Denis Shapovalov,Kyle Edmund,1
4922,Lucas Pouille,Mikhail Kukushkin,1
4924,Rafael Nadal,Alexandr Dolgopolov,1
4925,David Goffin,Andrey Rublev,-1
4926,Roger Federer,Philipp Kohlschreiber,1
4928,Sam Querrey,Mischa Zverev,1
4929,Paolo Lorenzi,Kevin Anderson,1
4930,Denis Shapovalov,Pablo Carreno Busta,-1
4932,Rafael Nadal,Andrey Rublev,1
4934,Sam Querrey,Kevin Anderson,1
4937,Kevin Anderson,Pablo Carreno Busta,1
4938,Rafael Nadal,Kevin Anderson,1
5029,Nick Kyrgios,Pierre Hugues Herbert,-1
5032,Malek Jaziri,Lucas Pouille,1
5036,Thomas Fabbiano,Sam Querrey,-1
5037,Fernando Verdasco,Kevin Anderson,1
5040,Daniil Medvedev,Stan Wawrinka,1
5042,Donald Young,Denis Istomin,1
5045,Ivo Karlovic,Aljaz Bedene,1
5048,Marton Fucsovics,Gilles Muller,-1
5051,Peter Gojowczyk,Marius Copil,1
5053,Steve Johnson,Nicolas Kicker,1
5055,Viktor Troicki,Florian Mayer,-1
5056,Philipp Kohlschreiber,Marin Cilic,-1
5057,Milos Raonic,Jan Lennard Struff,1
5063,Robin Haase,Frances Tiafoe,1
5064,Evgeny Donskoy,Alexander Zverev,-1
5070,Mikhail Kukushkin,Taro Daniel,1
5071,Stefanos Tsitsipas,Dusan Lajovic,-1
5072,Alexandr Dolgopolov,Roger Federer,-1
5076,Horacio Zeballos,Paolo Lorenzi,1
5077,Richard Gasquet,David Ferrer,1
5079,Borna Coric,Ryan Harrison,-1
5080,Jeremy Chardy,Tomas Berdych,1
5084,Adrian Mannarino,Feliciano Lopez,1
5090,Jiri Vesely,Fabio Fognini,-1
5091,Pierre Hugues Herbert,Benoit Paire,-1
5094,Nikoloz Basilashvili,Sam Querrey,1
5095,Kevin Anderson,Andreas Seppi,1
5097,Rafael Nadal,Donald Young,1
5099,Aljaz Bedene,Damir Dzumhur,1
5102,Peter Gojowczyk,Roberto Bautista Agut,1
5103,Steve Johnson,Radu Albot,1
5104,Florian Mayer,Marin Cilic,-1
5105,Milos Raonic,Mikhail Youzhny,1
5108,Frances Tiafoe,Alexander Zverev,-1
5110,Dudi Sela,John Isner,1
5111,Mischa Zverev,Mikhail Kukushkin,1
5112,Dusan Lajovic,Roger Federer,-1
5113,Dominic Thiem,Gilles Simon,1
5114,Jared Donaldson,Paolo Lorenzi,1
5115,David Ferrer,Steve Darcis,-1
5116,Ryan Harrison,Tomas Berdych,1
5117,Gael Monfils,Kyle Edmund,1
5118,Yuichi Sugita,Adrian Mannarino,1
5121,Andy Murray,Fabio Fognini,1
5123,Jo Wilfried Tsonga,Sam Querrey,1
5125,Rafael Nadal,Karen Khachanov,1
5126,Aljaz Bedene,Gilles Muller,-1
5127,Kei Nishikori,Roberto Bautista Agut,1
5128,Steve Johnson,Marin Cilic,-1
5131,Grigor Dimitrov,Dudi Sela,1
5132,Mischa Zverev,Roger Federer,-1
5133,Dominic Thiem,Jared Donaldson,1
5134,David Ferrer,Tomas Berdych,-1
5135,Gael Monfils,Adrian Mannarino,1
5137,Andy Murray,Benoit Paire,1
5138,Sam Querrey,Kevin Anderson,1
5139,Rafael Nadal,Gilles Muller,1
5140,Roberto Bautista Agut,Marin Cilic,-1
5141,Milos Raonic,Alexander Zverev,1
5142,Grigor Dimitrov,Roger Federer,-1
5143,Dominic Thiem,Tomas Berdych,1
5144,Adrian Mannarino,Novak Djokovic,-1
5145,Andy Murray,Sam Querrey,1
5146,Gilles Muller,Marin Cilic,1
5147,Milos Raonic,Roger Federer,-1
5148,Tomas Berdych,Novak Djokovic,1
5149,Sam Querrey,Marin Cilic,1
5150,Roger Federer,Tomas Berdych,1
5151,Marin Cilic,Roger Federer,-1
